0,MMM
1,AOS
2,ABT
3,ABBV
4,ACN
5,ADBE
6,AMD
7,AES
8,AFL
9,A
10,APD
11,ABNB
12,AKAM
13,ALK
14,ALB
15,ARE
16,ALGN
17,ALLE
18,LNT
19,ALL
20,GOOGL
21,GOOG
22,MO
23,AMZN
24,AMCR
25,AEE
26,AAL
27,AEP
28,AXP
29,AIG
30,AMT
31,AWK
32,AMP
33,AME
34,AMGN
35,APH
36,ADI
37,ANSS
38,AON
39,APA
40,AAPL
41,AMAT
42,APTV
43,ACGL
44,ADM
45,ANET
46,AJG
47,AIZ
48,T
49,ATO
50,ADSK
51,ADP
52,AZO
53,AVB
54,AVY
55,AXON
56,BKR
57,BALL
58,BAC
59,BK
60,BBWI
61,BAX
62,BDX
63,BRK.B
64,BBY
65,BIO
66,TECH
67,BIIB
68,BLK
69,BX
70,BA
71,BKNG
72,BWA
73,BXP
74,BSX
75,BMY
76,AVGO
77,BR
78,BRO
79,BF.B
80,BG
81,CDNS
82,CZR
83,CPT
84,CPB
85,COF
86,CAH
87,KMX
88,CCL
89,CARR
90,CTLT
91,CAT
92,CBOE
93,CBRE
94,CDW
95,CE
96,COR
97,CNC
98,CNP
99,CDAY
100,CF
101,CHRW
102,CRL
103,SCHW
104,CHTR
105,CVX
106,CMG
107,CB
108,CHD
109,CI
110,CINF
111,CTAS
112,CSCO
113,C
114,CFG
115,CLX
116,CME
117,CMS
118,KO
119,CTSH
120,CL
121,CMCSA
122,CMA
123,CAG
124,COP
125,ED
126,STZ
127,CEG
128,COO
129,CPRT
130,GLW
131,CTVA
132,CSGP
133,COST
134,CTRA
135,CCI
136,CSX
137,CMI
138,CVS
139,DHR
140,DRI
141,DVA
142,DE
143,DAL
144,XRAY
145,DVN
146,DXCM
147,FANG
148,DLR
149,DFS
150,DG
151,DLTR
152,D
153,DPZ
154,DOV
155,DOW
156,DHI
157,DTE
158,DUK
159,DD
160,EMN
161,ETN
162,EBAY
163,ECL
164,EIX
165,EW
166,EA
167,ELV
168,LLY
169,EMR
170,ENPH
171,ETR
172,EOG
173,EPAM
174,EQT
175,EFX
176,EQIX
177,EQR
178,ESS
179,EL
180,ETSY
181,EG
182,EVRG
183,ES
184,EXC
185,EXPE
186,EXPD
187,EXR
188,XOM
189,FFIV
190,FDS
191,FICO
192,FAST
193,FRT
194,FDX
195,FIS
196,FITB
197,FSLR
198,FE
199,FI
200,FLT
201,FMC
202,F
203,FTNT
204,FTV
205,FOXA
206,FOX
207,BEN
208,FCX
209,GRMN
210,IT
211,GEHC
212,GEN
213,GNRC
214,GD
215,GE
216,GIS
217,GM
218,GPC
219,GILD
220,GPN
221,GL
222,GS
223,HAL
224,HIG
225,HAS
226,HCA
227,PEAK
228,HSIC
229,HSY
230,HES
231,HPE
232,HLT
233,HOLX
234,HD
235,HON
236,HRL
237,HST
238,HWM
239,HPQ
240,HUBB
241,HUM
242,HBAN
243,HII
244,IBM
245,IEX
246,IDXX
247,ITW
248,ILMN
249,INCY
250,IR
251,PODD
252,INTC
253,ICE
254,IFF
255,IP
256,IPG
257,INTU
258,ISRG
259,IVZ
260,INVH
261,IQV
262,IRM
263,JBHT
264,JKHY
265,J
266,JNJ
267,JCI
268,JPM
269,JNPR
270,K
271,KVUE
272,KDP
273,KEY
274,KEYS
275,KMB
276,KIM
277,KMI
278,KLAC
279,KHC
280,KR
281,LHX
282,LH
283,LRCX
284,LW
285,LVS
286,LDOS
287,LEN
288,LIN
289,LYV
290,LKQ
291,LMT
292,L
293,LOW
294,LULU
295,LYB
296,MTB
297,MRO
298,MPC
299,MKTX
300,MAR
301,MMC
302,MLM
303,MAS
304,MA
305,MTCH
306,MKC
307,MCD
308,MCK
309,MDT
310,MRK
311,META
312,MET
313,MTD
314,MGM
315,MCHP
316,MU
317,MSFT
318,MAA
319,MRNA
320,MHK
321,MOH
322,TAP
323,MDLZ
324,MPWR
325,MNST
326,MCO
327,MS
328,MOS
329,MSI
330,MSCI
331,NDAQ
332,NTAP
333,NFLX
334,NEM
335,NWSA
336,NWS
337,NEE
338,NKE
339,NI
340,NDSN
341,NSC
342,NTRS
343,NOC
344,NCLH
345,NRG
346,NUE
347,NVDA
348,NVR
349,NXPI
350,ORLY
351,OXY
352,ODFL
353,OMC
354,ON
355,OKE
356,ORCL
357,OTIS
358,PCAR
359,PKG
360,PANW
361,PARA
362,PH
363,PAYX
364,PAYC
365,PYPL
366,PNR
367,PEP
368,PFE
369,PCG
370,PM
371,PSX
372,PNW
373,PXD
374,PNC
375,POOL
376,PPG
377,PPL
378,PFG
379,PG
380,PGR
381,PLD
382,PRU
383,PEG
384,PTC
385,PSA
386,PHM
387,QRVO
388,PWR
389,QCOM
390,DGX
391,RL
392,RJF
393,RTX
394,O
395,REG
396,REGN
397,RF
398,RSG
399,RMD
400,RVTY
401,RHI
402,ROK
403,ROL
404,ROP
405,ROST
406,RCL
407,SPGI
408,CRM
409,SBAC
410,SLB
411,STX
412,SEE
413,SRE
414,NOW
415,SHW
416,SPG
417,SWKS
418,SJM
419,SNA
420,SEDG
421,SO
422,LUV
423,SWK
424,SBUX
425,STT
426,STLD
427,STE
428,SYK
429,SYF
430,SNPS
431,SYY
432,TMUS
433,TROW
434,TTWO
435,TPR
436,TRGP
437,TGT
438,TEL
439,TDY
440,TFX
441,TER
442,TSLA
443,TXN
444,TXT
445,TMO
446,TJX
447,TSCO
448,TT
449,TDG
450,TRV
451,TRMB
452,TFC
453,TYL
454,TSN
455,USB
456,UDR
457,ULTA
458,UNP
459,UAL
460,UPS
461,URI
462,UNH
463,UHS
464,VLO
465,VTR
466,VLTO
467,VRSN
468,VRSK
469,VZ
470,VRTX
471,VFC
472,VTRS
473,VICI
474,V
475,VMC
476,WRB
477,WAB
478,WBA
479,WMT
480,DIS
481,WBD
482,WM
483,WAT
484,WEC
485,WFC
486,WELL
487,WST
488,WDC
489,WRK
490,WY
491,WHR
492,WMB
493,WTW
494,GWW
495,WYNN
496,XEL
497,XYL
498,YUM
499,ZBRA
500,ZBH
501,ZION
502,ZTS
